2078-1002.png,File width check failed
2078-1015.jpg,File height check failed
2078-1028.jpg,File height check failed
2078-1042.jpg,File width check failed
2078-1046.jpg,File height check failed
2078-105.jpg,File width check failed
2078-1061.jpg,File height check failed,Blurness check failed
2078-1065.jpg,File height check failed,File width check failed,Blurness check failed
2078-1081.jpg,File height check failed
2078-1087.jpg,File height check failed
2078-1096.jpg,File width check failed
2078-1098.jpg,File height check failed
2078-110.jpg,File height check failed
2078-1138.jpg,File height check failed
2078-1157.jpg,File height check failed
2078-1161.jpg,File width check failed
2078-1171.jpg,File height check failed
2078-1174.jpg,File height check failed
2078-1177.jpg,File height check failed
2078-1178.jpg,File height check failed
2078-1181.jpg,File height check failed,File width check failed
2078-1201.jpg,File width check failed
2078-1220.jpg,File height check failed,File width check failed,Blurness check failed
2078-1253.jpg,File height check failed,File width check failed
2078-1259.jpg,File height check failed,Blurness check failed
2078-127.jpg,File width check failed
2078-1272.jpg,File height check failed
2078-1274.jpg,File width check failed
2078-1288.jpg,File width check failed,Blurness check failed
2078-1293.png,File height check failed,Blurness check failed
2078-1295.jpg,File height check failed
2078-1311.jpg,File height check failed
2078-1325.jpg,File height check failed
2078-1329.jpg,File height check failed
2078-1340.jpg,File width check failed
2078-1349.jpg,File height check failed
2078-1356.png,Background check failed,Head Ratio Small
2078-1362.jpg,File height check failed
2078-1367.jpg,File height check failed
2078-1374.jpg,File height check failed
2078-1375.jpg,File width check failed,Eye check failed
2078-1380.jpg,File height check failed,Blurness check failed
2078-1394.jpg,File height check failed
2078-1395.jpg,File height check failed
2078-1403.jpg,File height check failed
2078-1406.jpg,File height check failed,Head Ratio Small
2078-1410.jpg,File height check failed
2078-1411.jpg,File height check failed
2078-1421.jpg,File height check failed
2078-1431.jpg,File height check failed
2078-1439.jpg,File height check failed
2078-1440.jpg,File height check failed
2078-1450.jpg,File height check failed
2078-1459.jpg,File width check failed
2078-1461.jpg,File height check failed
2078-1466.jpg,File height check failed,File width check failed
2078-1468.jpg,File height check failed
2078-1469.jpg,File height check failed
2078-1474.jpg,File height check failed,Blurness check failed
2078-148.png,File height check failed
2078-1484.jpg,File height check failed
2078-1485.jpg,File width check failed
2078-1491.jpg,File height check failed
2078-1492.jpg,File height check failed
2078-1499.jpg,Blurness check failed
2078-1500.jpg,File height check failed
2078-1507.jpg,File width check failed
2078-1514.jpg,File width check failed
2078-1515.jpg,File height check failed
2078-1516.jpg,File height check failed
2078-1531.jpg,File height check failed
2078-1533.png,File size check failed,File width check failed
2078-1535.jpg,File width check failed
2078-1550.jpg,File height check failed
2078-1551.jpg,File height check failed
2078-1558.jpg,File height check failed
2078-1608.jpg,File height check failed
2078-162.jpg,File width check failed
2078-1621.jpg,File height check failed
2078-1623.jpg,File height check failed
2078-1626.jpg,File height check failed
2078-1647.jpg,File height check failed,File width check failed
2078-1667.jpg,File height check failed,File width check failed
2078-167.jpg,File width check failed
2078-1690.jpg,File height check failed
2078-1703.jpg,File width check failed
2078-1705.jpg,File height check failed
2078-1707.jpg,File width check failed,Blurness check failed,Eye check failed
2078-171.JPG,File width check failed
2078-1717.jpg,File height check failed
2078-172.png,File height check failed
2078-1720.jpg,File height check failed
2078-1724.jpg,File height check failed
2078-1740.png,File width check failed
2078-1746.jpg,File height check failed
2078-1748.jpg,File height check failed
2078-1753.jpg,File height check failed,Head Ratio Small
2078-1756.jpg,File height check failed
2078-1768.jpg,File width check failed
2078-178.jpg,File height check failed
2078-182.jpg,File height check failed
2078-195.jpg,File height check failed
2078-204.jpg,File height check failed
2078-212.jpg,File height check failed
2078-221.jpg,File width check failed
2078-223.jpg,File height check failed,File width check failed
2078-255.jpg,File height check failed
2078-258.jpg,File height check failed
2078-277.jpg,File height check failed
2078-285.jpg,File width check failed
2078-296.jpg,File height check failed
2078-3.jpg,File height check failed
2078-30.jpg,File width check failed
2078-310.jpg,File height check failed
2078-311.jpg,File height check failed
2078-329.jpg,File height check failed
2078-332.jpg,File height check failed
2078-336.jpg,File height check failed,File width check failed
2078-340.jpg,File height check failed,Blurness check failed,Background check failed
2078-344.png,File height check failed
2078-365.jpg,File height check failed
2078-368.jpg,File height check failed
2078-372.jpg,File height check failed
2078-382.jpg,File height check failed
2078-383.jpg,File height check failed
2078-385.jpg,File height check failed
2078-399.png,File width check failed,Blurness check failed
2078-402.jpg,File width check failed
2078-410.png,File height check failed,File width check failed,Head Ratio Small
2078-425.jpg,File height check failed
2078-441.jpg,File height check failed
2078-467.jpg,File width check failed
2078-482.png,File width check failed
2078-494.jpg,File width check failed
2078-496.jpg,File width check failed
2078-509.jpg,File width check failed
2078-511.jpg,File height check failed
2078-528(1).jpg,File height check failed
2078-528.jpg,File height check failed
2078-531.jpg,File height check failed
2078-532.jpg,File height check failed,Blurness check failed
2078-544.jpg,File height check failed
2078-559.jpg,File height check failed
2078-561.jpg,File height check failed
2078-574.png,File size check failed,File height check failed
2078-58.jpg,File height check failed
2078-586.jpg,File height check failed
2078-588.jpg,File width check failed,Eye check failed
2078-602.jpg,File height check failed
2078-607.jpg,File height check failed
2078-608.jpg,File height check failed
2078-611.jpg,File height check failed
2078-612.jpg,File height check failed
2078-629.jpg,File height check failed
2078-630.jpg,File height check failed
2078-652.jpg,File width check failed,couldnot detect head
2078-661.jpg,File width check failed
2078-669.jpg,File height check failed
2078-674.jpg,File height check failed
2078-675.jpg,File height check failed
2078-678.jpg,File height check failed
2078-679.jpg,File width check failed
2078-724.jpg,File height check failed,File width check failed
2078-726.jpg,File height check failed
2078-732.jpg,File height check failed
2078-737.jpg,File height check failed
2078-739.jpg,File height check failed
2078-746.jpg,File width check failed
2078-757.jpg,File height check failed
2078-759.png,File height check failed
2078-765.PNG,File height check failed,Blurness check failed
2078-779.jpg,File height check failed
2078-781.jpg,File height check failed
2078-788.jpg,File height check failed,File width check failed
2078-790.jpg,File height check failed
2078-794.jpg,File height check failed
2078-800.jpg,File height check failed
2078-807.jpg,File height check failed
2078-809.jpg,File width check failed
2078-817.jpg,File width check failed
2078-826.jpg,File height check failed
2078-846.JPG,File height check failed
2078-848.jpg,File height check failed
2078-856.jpg,File height check failed
2078-857.jpg,File height check failed
2078-860.jpg,File width check failed
2078-867.jpg,File height check failed
2078-871.jpg,File width check failed,Head Ratio Small
2078-878.jpg,File height check failed
2078-883.jpg,File height check failed
2078-884.jpg,File height check failed
2078-890.jpg,File height check failed
2078-893.png,File width check failed
2078-903.jpg,File height check failed
2078-906.jpg,File height check failed
2078-91.jpg,File height check failed
2078-929.jpg,File height check failed
2078-936.jpg,File height check failed
2078-940.jpg,File height check failed
2078-945.jpg,File width check failed
2078-950.jpg,File height check failed,Eye check failed
2078-957.jpg,File width check failed
2078-964.jpg,File height check failed
2078-986.png,File size check failed,File height check failed
2078-987.jpg,File width check failed
2078-1002.png,File width check failed
2078-1015.jpg,File height check failed
2078-1019.jpg,File height check failed
2078-1028.jpg,File height check failed
2078-1042.jpg,File width check failed
2078-1046.jpg,File height check failed
2078-105.jpg,File width check failed
2078-1061.jpg,File height check failed,Blurness check failed
2078-1065.jpg,File height check failed,File width check failed,Blurness check failed
2078-1081.jpg,File height check failed
2078-1087.jpg,File height check failed
2078-1096.jpg,File width check failed
2078-1098.jpg,File height check failed
2078-110.jpg,File height check failed
2078-1138.jpg,File height check failed
2078-1157.jpg,File height check failed
2078-1161.jpg,File width check failed
2078-1171.jpg,File height check failed
2078-1174.jpg,File height check failed
2078-1177.jpg,File height check failed
2078-1178.jpg,File height check failed
2078-1181.jpg,File height check failed,File width check failed
2078-1201.jpg,File width check failed
2078-1220.jpg,File height check failed,File width check failed,Blurness check failed
2078-1253.jpg,File height check failed,File width check failed
2078-1259.jpg,File height check failed,Blurness check failed
2078-127.jpg,File width check failed
2078-1272.jpg,File height check failed
2078-1274.jpg,File width check failed
2078-1288.jpg,File width check failed,Blurness check failed
2078-1293.png,File height check failed,Blurness check failed
2078-1295.jpg,File height check failed
2078-1311.jpg,File height check failed
2078-1325.jpg,File height check failed
2078-1329.jpg,File height check failed
2078-1340.jpg,File width check failed
2078-1349.jpg,File height check failed
2078-1356.png,Background check failed,Head Ratio Small
2078-1362.jpg,File height check failed
2078-1367.jpg,File height check failed
2078-1374.jpg,File height check failed
2078-1375.jpg,File width check failed,Eye check failed
2078-1380.jpg,File height check failed,Blurness check failed
2078-1394.jpg,File height check failed
2078-1395.jpg,File height check failed
2078-1403.jpg,File height check failed
2078-1406.jpg,File height check failed,Head Ratio Small
2078-1410.jpg,File height check failed
2078-1411.jpg,File height check failed
2078-1421.jpg,File height check failed
2078-1431.jpg,File height check failed
2078-1439.jpg,File height check failed
2078-1440.jpg,File height check failed
2078-1450.jpg,File height check failed
2078-1459.jpg,File width check failed
2078-1461.jpg,File height check failed
2078-1466.jpg,File height check failed,File width check failed
2078-1468.jpg,File height check failed
2078-1469.jpg,File height check failed
2078-1474.jpg,File height check failed,Blurness check failed
2078-148.png,File height check failed
2078-1484.jpg,File height check failed
2078-1485.jpg,File width check failed
2078-1491.jpg,File height check failed
2078-1492.jpg,File height check failed
2078-1499.jpg,Blurness check failed
2078-1500.jpg,File height check failed
2078-1507.jpg,File width check failed
2078-1514.jpg,File width check failed
2078-1515.jpg,File height check failed
2078-1516.jpg,File height check failed
2078-1531.jpg,File height check failed
2078-1533.png,File size check failed,File width check failed
2078-1535.jpg,File width check failed
2078-1550.jpg,File height check failed
2078-1551.jpg,File height check failed
2078-1558.jpg,File height check failed
2078-1608.jpg,File height check failed
2078-162.jpg,File width check failed
2078-1621.jpg,File height check failed
2078-1623.jpg,File height check failed
2078-1626.jpg,File height check failed
2078-1647.jpg,File height check failed,File width check failed
2078-1667.jpg,File height check failed,File width check failed
2078-167.jpg,File width check failed
2078-1690.jpg,File height check failed
2078-1703.jpg,File width check failed
2078-1705.jpg,File height check failed
2078-1707.jpg,File width check failed,Blurness check failed,Eye check failed
2078-171.JPG,File width check failed
2078-1717.jpg,File height check failed
2078-172.png,File height check failed
2078-1720.jpg,File height check failed
2078-1724.jpg,File height check failed
2078-1740.png,File width check failed
2078-1746.jpg,File height check failed
2078-1748.jpg,File height check failed
2078-1753.jpg,File height check failed,Head Ratio Small
2078-1756.jpg,File height check failed
2078-1768.jpg,File width check failed
2078-178.jpg,File height check failed
2078-182.jpg,File height check failed
2078-195.jpg,File height check failed
2078-204.jpg,File height check failed
2078-212.jpg,File height check failed
2078-221.jpg,File width check failed
2078-223.jpg,File height check failed,File width check failed
2078-255.jpg,File height check failed
2078-258.jpg,File height check failed
2078-277.jpg,File height check failed
2078-285.jpg,File width check failed
2078-296.jpg,File height check failed
2078-3.jpg,File height check failed
2078-30.jpg,File width check failed
2078-310.jpg,File height check failed
2078-311.jpg,File height check failed
2078-329.jpg,File height check failed
2078-332.jpg,File height check failed
2078-336.jpg,File height check failed,File width check failed
2078-340.jpg,File height check failed,Blurness check failed,Background check failed
2078-344.png,File height check failed
2078-365.jpg,File height check failed
2078-368.jpg,File height check failed
2078-372.jpg,File height check failed
2078-382.jpg,File height check failed
2078-383.jpg,File height check failed
2078-385.jpg,File height check failed
2078-399.png,File width check failed,Blurness check failed
2078-402.jpg,File width check failed
2078-410.png,File height check failed,File width check failed,Head Ratio Small
2078-425.jpg,File height check failed
2078-441.jpg,File height check failed
2078-467.jpg,File width check failed
2078-482.png,File width check failed
2078-494.jpg,File width check failed
2078-496.jpg,File width check failed
2078-509.jpg,File width check failed
2078-511.jpg,File height check failed
2078-528(1).jpg,File height check failed
2078-528.jpg,File height check failed
2078-531.jpg,File height check failed
2078-532.jpg,File height check failed,Blurness check failed
2078-544.jpg,File height check failed
2078-559.jpg,File height check failed
2078-561.jpg,File height check failed
2078-574.png,File size check failed,File height check failed
2078-58.jpg,File height check failed
2078-586.jpg,File height check failed
2078-588.jpg,File width check failed,Eye check failed
2078-602.jpg,File height check failed
2078-607.jpg,File height check failed
2078-608.jpg,File height check failed
2078-611.jpg,File height check failed
2078-612.jpg,File height check failed
2078-629.jpg,File height check failed
2078-630.jpg,File height check failed
2078-652.jpg,File width check failed,couldnot detect head
2078-661.jpg,File width check failed
2078-669.jpg,File height check failed
2078-674.jpg,File height check failed
2078-675.jpg,File height check failed
2078-678.jpg,File height check failed
2078-679.jpg,File width check failed
2078-724.jpg,File height check failed,File width check failed
2078-726.jpg,File height check failed
2078-732.jpg,File height check failed
2078-737.jpg,File height check failed
2078-739.jpg,File height check failed
2078-746.jpg,File width check failed
2078-757.jpg,File height check failed
2078-759.png,File height check failed
2078-765.PNG,File height check failed,Blurness check failed
2078-779.jpg,File height check failed
2078-781.jpg,File height check failed
2078-788.jpg,File height check failed,File width check failed
2078-790.jpg,File height check failed
2078-794.jpg,File height check failed
2078-800.jpg,File height check failed
2078-807.jpg,File height check failed
2078-809.jpg,File width check failed
2078-817.jpg,File width check failed
2078-826.jpg,File height check failed
2078-846.JPG,File height check failed
2078-848.jpg,File height check failed
2078-856.jpg,File height check failed
2078-857.jpg,File height check failed
2078-860.jpg,File width check failed
2078-867.jpg,File height check failed
2078-871.jpg,File width check failed,Head Ratio Small
2078-878.jpg,File height check failed
2078-883.jpg,File height check failed
2078-884.jpg,File height check failed
2078-890.jpg,File height check failed
2078-893.png,File width check failed
2078-903.jpg,File height check failed
2078-906.jpg,File height check failed
2078-91.jpg,File height check failed
2078-929.jpg,File height check failed
2078-936.jpg,File height check failed
2078-940.jpg,File height check failed
2078-945.jpg,File width check failed
2078-950.jpg,File height check failed,Eye check failed
2078-957.jpg,File width check failed
2078-964.jpg,File height check failed
2078-986.png,File size check failed,File height check failed
2078-987.jpg,File width check failed
2078-1002.png,File width check failed
2078-1015.jpg,File height check failed
2078-1019.jpg,File height check failed
2078-1028.jpg,File height check failed
2078-1042.jpg,File width check failed
2078-1046.jpg,File height check failed
2078-105.jpg,File width check failed
2078-1061.jpg,File height check failed,Blurness check failed
2078-1065.jpg,File height check failed,File width check failed,Blurness check failed
2078-1081.jpg,File height check failed
2078-1087.jpg,File height check failed
2078-1096.jpg,File width check failed
2078-1098.jpg,File height check failed
2078-110.jpg,File height check failed
2078-1138.jpg,File height check failed
2078-1157.jpg,File height check failed
2078-1161.jpg,File width check failed
2078-1171.jpg,File height check failed
2078-1174.jpg,File height check failed
2078-1177.jpg,File height check failed
2078-1178.jpg,File height check failed
2078-1181.jpg,File height check failed,File width check failed
2078-1201.jpg,File width check failed
2078-1220.jpg,File height check failed,File width check failed,Blurness check failed
2078-1253.jpg,File height check failed,File width check failed
2078-1259.jpg,File height check failed,Blurness check failed
2078-127.jpg,File width check failed
2078-1272.jpg,File height check failed
2078-1274.jpg,File width check failed
2078-1288.jpg,File width check failed,Blurness check failed
2078-1293.png,File height check failed,Blurness check failed
2078-1295.jpg,File height check failed
2078-1311.jpg,File height check failed
2078-1325.jpg,File height check failed
2078-1329.jpg,File height check failed
2078-1340.jpg,File width check failed
2078-1349.jpg,File height check failed
2078-1356.png,Background check failed,Head Ratio Small
2078-1362.jpg,File height check failed
2078-1367.jpg,File height check failed
2078-1374.jpg,File height check failed
2078-1375.jpg,File width check failed,Eye check failed
2078-1380.jpg,File height check failed,Blurness check failed
2078-1394.jpg,File height check failed
2078-1395.jpg,File height check failed
2078-1403.jpg,File height check failed
2078-1406.jpg,File height check failed,Head Ratio Small
2078-1410.jpg,File height check failed
2078-1411.jpg,File height check failed
2078-1421.jpg,File height check failed
2078-1431.jpg,File height check failed
2078-1439.jpg,File height check failed
2078-1440.jpg,File height check failed
2078-1450.jpg,File height check failed
2078-1459.jpg,File width check failed
2078-1461.jpg,File height check failed
2078-1466.jpg,File height check failed,File width check failed
2078-1468.jpg,File height check failed
2078-1469.jpg,File height check failed
2078-1474.jpg,File height check failed,Blurness check failed
2078-148.png,File height check failed
2078-1484.jpg,File height check failed
2078-1485.jpg,File width check failed
2078-1491.jpg,File height check failed
2078-1492.jpg,File height check failed
2078-1499.jpg,Blurness check failed
2078-1500.jpg,File height check failed
2078-1507.jpg,File width check failed
2078-1514.jpg,File width check failed
2078-1515.jpg,File height check failed
2078-1516.jpg,File height check failed
2078-1531.jpg,File height check failed
2078-1533.png,File size check failed,File width check failed
2078-1535.jpg,File width check failed
2078-1550.jpg,File height check failed
2078-1551.jpg,File height check failed
2078-1558.jpg,File height check failed
2078-1608.jpg,File height check failed
2078-162.jpg,File width check failed
2078-1621.jpg,File height check failed
2078-1623.jpg,File height check failed
2078-1626.jpg,File height check failed
2078-1647.jpg,File height check failed,File width check failed
2078-1667.jpg,File height check failed,File width check failed
2078-167.jpg,File width check failed
2078-1690.jpg,File height check failed
2078-1703.jpg,File width check failed
2078-1705.jpg,File height check failed
2078-1707.jpg,File width check failed,Blurness check failed,Eye check failed
2078-171.JPG,File width check failed
2078-1717.jpg,File height check failed
2078-172.png,File height check failed
2078-1720.jpg,File height check failed
2078-1724.jpg,File height check failed
2078-1740.png,File width check failed
2078-1746.jpg,File height check failed
2078-1748.jpg,File height check failed
2078-1753.jpg,File height check failed,Head Ratio Small
2078-1756.jpg,File height check failed
2078-1768.jpg,File width check failed
2078-178.jpg,File height check failed
2078-182.jpg,File height check failed
2078-195.jpg,File height check failed
2078-204.jpg,File height check failed
2078-212.jpg,File height check failed
2078-221.jpg,File width check failed
2078-223.jpg,File height check failed,File width check failed
2078-255.jpg,File height check failed
2078-258.jpg,File height check failed
2078-277.jpg,File height check failed
2078-285.jpg,File width check failed
2078-296.jpg,File height check failed
2078-3.jpg,File height check failed
2078-30.jpg,File width check failed
2078-310.jpg,File height check failed
2078-311.jpg,File height check failed
2078-329.jpg,File height check failed
2078-332.jpg,File height check failed
2078-336.jpg,File height check failed,File width check failed
2078-340.jpg,File height check failed,Blurness check failed,Background check failed
2078-344.png,File height check failed
2078-365.jpg,File height check failed
2078-368.jpg,File height check failed
2078-372.jpg,File height check failed
2078-382.jpg,File height check failed
2078-383.jpg,File height check failed
2078-385.jpg,File height check failed
2078-399.png,File width check failed,Blurness check failed
2078-402.jpg,File width check failed
2078-410.png,File height check failed,File width check failed,Head Ratio Small
2078-425.jpg,File height check failed
2078-441.jpg,File height check failed
2078-467.jpg,File width check failed
2078-482.png,File width check failed
2078-494.jpg,File width check failed
2078-496.jpg,File width check failed
2078-509.jpg,File width check failed
2078-511.jpg,File height check failed
2078-528(1).jpg,File height check failed
2078-528.jpg,File height check failed
2078-531.jpg,File height check failed
2078-532.jpg,File height check failed,Blurness check failed
2078-544.jpg,File height check failed
2078-559.jpg,File height check failed
2078-561.jpg,File height check failed
2078-574.png,File size check failed,File height check failed
2078-58.jpg,File height check failed
2078-586.jpg,File height check failed
2078-588.jpg,File width check failed,Eye check failed
2078-602.jpg,File height check failed
2078-607.jpg,File height check failed
2078-608.jpg,File height check failed
2078-611.jpg,File height check failed
2078-612.jpg,File height check failed
2078-629.jpg,File height check failed
2078-630.jpg,File height check failed
2078-652.jpg,File width check failed,couldnot detect head
2078-661.jpg,File width check failed
2078-669.jpg,File height check failed
2078-674.jpg,File height check failed
2078-675.jpg,File height check failed
2078-678.jpg,File height check failed
2078-679.jpg,File width check failed
2078-724.jpg,File height check failed,File width check failed
2078-726.jpg,File height check failed
2078-732.jpg,File height check failed
2078-737.jpg,File height check failed
2078-739.jpg,File height check failed
2078-746.jpg,File width check failed
2078-757.jpg,File height check failed
2078-759.png,File height check failed
2078-765.PNG,File height check failed,Blurness check failed
2078-779.jpg,File height check failed
2078-781.jpg,File height check failed
2078-788.jpg,File height check failed,File width check failed
2078-790.jpg,File height check failed
2078-794.jpg,File height check failed
2078-800.jpg,File height check failed
2078-807.jpg,File height check failed
2078-809.jpg,File width check failed
2078-817.jpg,File width check failed
2078-826.jpg,File height check failed
2078-846.JPG,File height check failed
2078-848.jpg,File height check failed
2078-856.jpg,File height check failed
2078-857.jpg,File height check failed
2078-860.jpg,File width check failed
2078-867.jpg,File height check failed
2078-871.jpg,File width check failed,Head Ratio Small
2078-878.jpg,File height check failed
2078-883.jpg,File height check failed
2078-884.jpg,File height check failed
2078-890.jpg,File height check failed
2078-893.png,File width check failed
2078-903.jpg,File height check failed
2078-906.jpg,File height check failed
2078-91.jpg,File height check failed
2078-929.jpg,File height check failed
2078-936.jpg,File height check failed
2078-940.jpg,File height check failed
2078-945.jpg,File width check failed
2078-950.jpg,File height check failed,Eye check failed
2078-957.jpg,File width check failed
2078-964.jpg,File height check failed
2078-986.png,File size check failed,File height check failed
2078-987.jpg,File width check failed
2078-1002.png,File size check failed,File height check failed,File width check failed
2078-1015.jpg,File height check failed,File width check failed
2078-1019.jpg,File height check failed,File width check failed
2078-1028.jpg,File height check failed,File width check failed
2078-1042.jpg,File height check failed,File width check failed
2078-1046.jpg,File height check failed,File width check failed
2078-105.jpg,File height check failed,File width check failed
2078-1061.jpg,File height check failed,File width check failed,Blurness check failed
2078-1065.jpg,File height check failed,File width check failed,Blurness check failed
2078-1081.jpg,File height check failed,File width check failed
2078-1087.jpg,File height check failed,File width check failed
2078-1096.jpg,File height check failed,File width check failed
2078-1098.jpg,File height check failed,File width check failed
2078-110.jpg,File height check failed,File width check failed
2078-1138.jpg,File height check failed,File width check failed
2078-1157.jpg,File height check failed,File width check failed
2078-1161.jpg,File height check failed,File width check failed
2078-1171.jpg,File height check failed,File width check failed
2078-1174.jpg,File height check failed,File width check failed
2078-1177.jpg,File height check failed,File width check failed
2078-1178.jpg,File height check failed,File width check failed
2078-1181.jpg,File height check failed,File width check failed
2078-1201.jpg,File height check failed,File width check failed
2078-1220.jpg,File height check failed,File width check failed,Blurness check failed
2078-1253.jpg,File height check failed,File width check failed
2078-1259.jpg,File height check failed,File width check failed,Blurness check failed
2078-127.jpg,File height check failed,File width check failed
2078-1272.jpg,File height check failed,File width check failed
2078-1274.jpg,File height check failed,File width check failed
2078-1288.jpg,File height check failed,File width check failed,Blurness check failed
2078-1293.png,File size check failed,File height check failed,File width check failed,Blurness check failed
2078-1295.jpg,File height check failed,File width check failed
2078-1311.jpg,File height check failed,File width check failed
2078-1325.jpg,File height check failed,File width check failed
2078-1329.jpg,File height check failed,File width check failed
2078-1340.jpg,File height check failed,File width check failed
2078-1349.jpg,File height check failed,File width check failed
2078-1356.png,File height check failed,File width check failed,Background check failed,Head Ratio Small
2078-1362.jpg,File height check failed,File width check failed
2078-1367.jpg,File height check failed,File width check failed
2078-1374.jpg,File height check failed,File width check failed
2078-1375.jpg,File height check failed,File width check failed,Eye check failed
2078-1380.jpg,File height check failed,File width check failed,Blurness check failed
2078-1394.jpg,File height check failed,File width check failed
2078-1395.jpg,File height check failed,File width check failed
2078-1403.jpg,File height check failed,File width check failed
2078-1406.jpg,File height check failed,File width check failed,Head Ratio Small
2078-1410.jpg,File height check failed,File width check failed
2078-1411.jpg,File height check failed,File width check failed
2078-1421.jpg,File height check failed,File width check failed
2078-1431.jpg,File height check failed,File width check failed
2078-1439.jpg,File height check failed,File width check failed
2078-1440.jpg,File height check failed,File width check failed
2078-1450.jpg,File height check failed,File width check failed
2078-1451.jpg,File height check failed,File width check failed
2078-1459.jpg,File height check failed,File width check failed
2078-1461.jpg,File height check failed,File width check failed
2078-1466.jpg,File height check failed,File width check failed
2078-1468.jpg,File height check failed,File width check failed
2078-1469.jpg,File height check failed,File width check failed
2078-1474.jpg,File height check failed,File width check failed,Blurness check failed
2078-148.png,File size check failed,File height check failed,File width check failed
2078-1484.jpg,File height check failed,File width check failed
2078-1485.jpg,File height check failed,File width check failed
2078-1491.jpg,File height check failed,File width check failed
2078-1492.jpg,File height check failed,File width check failed
2078-1499.jpg,File height check failed,File width check failed,Blurness check failed
2078-1500.jpg,File height check failed,File width check failed
2078-1507.jpg,File height check failed,File width check failed
2078-1514.jpg,File height check failed,File width check failed
2078-1515.jpg,File height check failed,File width check failed
2078-1516.jpg,File height check failed,File width check failed
2078-1531.jpg,File height check failed,File width check failed
2078-1533.png,File size check failed,File height check failed,File width check failed
2078-1535.jpg,File height check failed,File width check failed
2078-1550.jpg,File height check failed,File width check failed
2078-1551.jpg,File height check failed,File width check failed
2078-1558.jpg,File height check failed,File width check failed
2078-1608.jpg,File height check failed,File width check failed
2078-162.jpg,File height check failed,File width check failed
2078-1621.jpg,File height check failed,File width check failed
2078-1623.jpg,File height check failed,File width check failed
2078-1626.jpg,File height check failed,File width check failed
2078-1647.jpg,File height check failed,File width check failed
2078-1662.png,File size check failed,File height check failed,File width check failed
2078-1667.jpg,File height check failed,File width check failed
2078-167.jpg,File height check failed,File width check failed
2078-1690.jpg,File height check failed,File width check failed
2078-1696.jpg,File height check failed,File width check failed
2078-1703.jpg,File height check failed,File width check failed
2078-1705.jpg,File height check failed,File width check failed
2078-1707.jpg,File height check failed,File width check failed,Blurness check failed,Eye check failed
2078-171.JPG,File height check failed,File width check failed
2078-1717.jpg,File height check failed,File width check failed
2078-172.png,File size check failed,File height check failed,File width check failed
2078-1720.jpg,File height check failed,File width check failed
2078-1724.jpg,File height check failed,File width check failed
2078-1740.png,File size check failed,File height check failed,File width check failed
2078-1746.jpg,File height check failed,File width check failed
2078-1748.jpg,File height check failed,File width check failed
2078-1753.jpg,File height check failed,File width check failed,Head Ratio Small
2078-1756.jpg,File height check failed,File width check failed
2078-1768.jpg,File height check failed,File width check failed
2078-178.jpg,File height check failed,File width check failed
2078-182.jpg,File height check failed,File width check failed
2078-195.jpg,File height check failed,File width check failed
2078-204.jpg,File height check failed,File width check failed
2078-212.jpg,File height check failed,File width check failed
2078-221.jpg,File height check failed,File width check failed
2078-223.jpg,File height check failed,File width check failed
2078-255.jpg,File height check failed,File width check failed
2078-258.jpg,File height check failed,File width check failed
2078-277.jpg,File height check failed,File width check failed
2078-285.jpg,File height check failed,File width check failed
2078-296.jpg,File height check failed,File width check failed
2078-3.jpg,File height check failed,File width check failed
2078-30.jpg,File height check failed,File width check failed
2078-306.jpg,File height check failed,File width check failed
2078-310.jpg,File height check failed,File width check failed
2078-311.jpg,File height check failed,File width check failed
2078-329.jpg,File height check failed,File width check failed
2078-332.jpg,File height check failed,File width check failed
2078-336.jpg,File height check failed,File width check failed
2078-340.jpg,File height check failed,File width check failed,Blurness check failed,Background check failed
2078-344.png,File size check failed,File height check failed,File width check failed
2078-365.jpg,File height check failed,File width check failed
2078-368.jpg,File height check failed,File width check failed
2078-372.jpg,File height check failed,File width check failed
2078-382.jpg,File height check failed,File width check failed
2078-383.jpg,File height check failed,File width check failed
2078-385.jpg,File height check failed,File width check failed
2078-399.png,File size check failed,File height check failed,File width check failed,Blurness check failed
2078-402.jpg,File height check failed,File width check failed
2078-410.png,File size check failed,File height check failed,File width check failed,Head Ratio Small
2078-414.jpg,File height check failed,File width check failed
2078-416.jpg,File height check failed,File width check failed
2078-425.jpg,File height check failed,File width check failed
2078-441.jpg,File height check failed,File width check failed
2078-467.jpg,File height check failed,File width check failed
2078-482.png,File size check failed,File height check failed,File width check failed
2078-494.jpg,File height check failed,File width check failed
2078-496.jpg,File height check failed,File width check failed
2078-509.jpg,File height check failed,File width check failed
2078-511.jpg,File height check failed,File width check failed
2078-528(1).jpg,File height check failed,File width check failed
2078-528.jpg,File height check failed,File width check failed
2078-531.jpg,File height check failed,File width check failed
2078-532.jpg,File height check failed,File width check failed,Blurness check failed
2078-544.jpg,File height check failed,File width check failed
2078-559.jpg,File height check failed,File width check failed
2078-561.jpg,File height check failed,File width check failed
2078-574.png,File size check failed,File height check failed,File width check failed
2078-58.jpg,File height check failed,File width check failed
2078-586.jpg,File height check failed,File width check failed
2078-588.jpg,File height check failed,File width check failed,Eye check failed
2078-602.jpg,File height check failed,File width check failed
2078-607.jpg,File height check failed,File width check failed
2078-608.jpg,File height check failed,File width check failed
2078-611.jpg,File height check failed,File width check failed
2078-612.jpg,File height check failed,File width check failed
2078-629.jpg,File height check failed,File width check failed
2078-630.jpg,File height check failed,File width check failed
2078-652.jpg,File height check failed,File width check failed,couldnot detect head
2078-661.jpg,File height check failed,File width check failed
2078-669.jpg,File height check failed,File width check failed
2078-674.jpg,File height check failed,File width check failed
2078-675.jpg,File height check failed,File width check failed
2078-678.jpg,File height check failed,File width check failed
2078-679.jpg,File height check failed,File width check failed
2078-724.jpg,File height check failed,File width check failed
2078-726.jpg,File height check failed,File width check failed
2078-732.jpg,File height check failed,File width check failed
2078-737.jpg,File height check failed,File width check failed
2078-739.jpg,File height check failed,File width check failed
2078-746.jpg,File height check failed,File width check failed
2078-757.jpg,File height check failed,File width check failed
2078-759.png,File size check failed,File height check failed,File width check failed
2078-765.PNG,File size check failed,File height check failed,File width check failed,Blurness check failed
2078-779.jpg,File height check failed,File width check failed
2078-781.jpg,File height check failed,File width check failed
2078-788.jpg,File height check failed,File width check failed
2078-790.jpg,File height check failed,File width check failed
2078-794.jpg,File height check failed,File width check failed
2078-800.jpg,File height check failed,File width check failed
2078-807.jpg,File height check failed,File width check failed
2078-809.jpg,File height check failed,File width check failed
2078-817.jpg,File height check failed,File width check failed
2078-826.jpg,File height check failed,File width check failed
2078-846.JPG,File height check failed,File width check failed
2078-848.jpg,File height check failed,File width check failed
2078-856.jpg,File height check failed,File width check failed
2078-857.jpg,File height check failed,File width check failed
2078-860.jpg,File height check failed,File width check failed
2078-867.jpg,File height check failed,File width check failed
2078-871.jpg,File height check failed,File width check failed,Head Ratio Small
2078-878.jpg,File height check failed,File width check failed
2078-883.jpg,File height check failed,File width check failed
2078-884.jpg,File size check failed,File height check failed,File width check failed
2078-890.jpg,File height check failed,File width check failed
2078-893.png,File size check failed,File height check failed,File width check failed
2078-903.jpg,File height check failed,File width check failed
2078-906.jpg,File height check failed,File width check failed
2078-91.jpg,File height check failed,File width check failed
2078-929.jpg,File height check failed,File width check failed
2078-936.jpg,File height check failed,File width check failed
2078-940.jpg,File height check failed,File width check failed
2078-945.jpg,File height check failed,File width check failed
2078-950.jpg,File height check failed,File width check failed,Eye check failed
2078-957.jpg,File height check failed,File width check failed
2078-964.jpg,File height check failed,File width check failed
2078-986.png,File size check failed,File height check failed,File width check failed
2078-987.jpg,File height check failed,File width check failed
